{
    "directlingam": {
        "coefficients": [
            2.7167796670731287e-09,
            -9.22269501916309e-09
        ],
        "intercept": 1.2214908129796669
    },
    "acceleratedlingam": {
        "coefficients": [
            9.156336424255802e-10,
            -2.95574225011283e-09
        ],
        "intercept": 0.7197604949335776
    },
    "pc": {
        "coefficients": [
            1.4872923832912586,
            -0.2449160506534756,
            0.07381251631613579,
            -9.467414654938789e-32
        ],
        "intercept": -7.823194071044301
    },
    "ges": {
        "coefficients": [
            -1.0852079856933847,
            2.53627828224259,
            0.42124352289810124,
            1.240869762425995
        ],
        "intercept": -4.022115552756853
    },
    "fges": {
        "coefficients": [
            -2.909487972766489,
            0.19790859234184688,
            0.7105656257341648,
            3.5618309759717435
        ],
        "intercept": -4.4466864098402645
    },
    "xges": {
        "coefficients": [
            2.375141488383839,
            5.534996774171872,
            0.023206637859034446,
            -6.42856784545417
        ],
        "intercept": -5.054903301654642
    },
    "fci": {
        "coefficients": [
            0.43690077219258117,
            0.02018798684730735
        ],
        "intercept": -6.974192721288526
    },
    "cdnod": {
        "coefficients": [
            16.414379295655813,
            -12.45150092082409,
            -0.01488292241189199,
            3.0614396726266613e-30
        ],
        "intercept": -33.39217961902731
    }
}