{
    "DirectLiNGAM": {
        "coefficients": [
            2.7167796670731287e-09,
            -9.22269501916309e-09
        ],
        "intercept": 1.2214908129796669
    },
    "AcceleratedLiNGAM": {
        "coefficients": [
            9.156336424255802e-10,
            -2.95574225011283e-09
        ],
        "intercept": 0.7197604949335776
    },
    "PC": {
        "coefficients": [
            1.4872923832912586,
            -0.2449160506534756,
            0.07381251631613579,
            -9.467414654938789e-32
        ],
        "intercept": -7.823194071044301
    },
    "GES": {
        "coefficients": [
            -1.0852079856933847,
            2.53627828224259,
            0.42124352289810124,
            1.240869762425995
        ],
        "intercept": -4.022115552756853
    },
    "FGES": {
        "coefficients": [
            -2.909487972766489,
            0.19790859234184688,
            0.7105656257341648,
            3.5618309759717435
        ],
        "intercept": -4.4466864098402645
    },
    "XGES": {
        "coefficients": [
            2.375141488383839,
            5.534996774171872,
            0.023206637859034446,
            -6.42856784545417
        ],
        "intercept": -5.054903301654642
    },
    "FCI": {
        "coefficients": [
            0.43690077219258117,
            0.02018798684730735
        ],
        "intercept": -6.974192721288526
    },
    "CDNOD": {
        "coefficients": [
            16.414379295655813,
            -12.45150092082409,
            -0.01488292241189199,
            3.0614396726266613e-30
        ],
        "intercept": -33.39217961902731
    },
    "NOTEARSLinear": {
        "coefficients": [
            -0.42759181715986183,
            1.421520015487257,
            -0.42759181715986155
        ],
        "intercept": -5.716370110603393
    },
    "AcceleratedPC": {
        "coefficients": [
            -7.203998345432659e-13,
            -0.0023657593782515497,
            -2.3226216039970955e-05,
            8.26997055460559e-07
        ],
        "intercept": 1.8345856908980644
    },
    "BAMB": {
        "coefficients": [
            -0.005866252293629884,
            0.0005274649140565066,
            -1.1796478286078413e-05,
            3.154563581706205e-05
        ],
        "intercept": 88.62801661700577
    },
    "GOLEM": {
        "coefficients": [
            -0.002090619700583893,
            3.119423734665432e-05,
            -0.0005467411822548123
        ],
        "intercept": 1285.580246776785
    },
    "GRaSP": {
        "coefficients": [
            -4.622302067055218e-06,
            -0.0014310411966156624,
            -0.0023708067146062098,
            0.00010109182842660872,
            -0.0001083821273276167
        ],
        "intercept": 23.44582127889582
    },
    "IAMBnPC": {
        "coefficients": [
            -4.1840350868521495e-06,
            6.058785382116794e-08,
            0.0066936681987783886
        ],
        "intercept": 0.5080606307318547
    },
    "InterIAMB": {
        "coefficients": [
            3.153530189619771e-07,
            3.1535606737357574e-07,
            0.02072096264768731
        ],
        "intercept": -35.88134104701205
    },
    "MBOR": {
        "coefficients": [
            -0.00014104208190815395,
            -0.0004096133711253255,
            5.538430545956014e-05,
            -1.5474383714524445e-06
        ],
        "intercept": 125.30564210552916
    },
    "VARLiNGAM": {
        "coefficients": [
            -0.007026984270941155,
            0.00015043535754352645,
            0.00015043535754337482,
            -0.010197426879076292,
            0.00015043535754337997,
            7.521767877153648e-08,
            0.00015043535754318937,
            7.521767877139659e-08
        ],
        "intercept": 56.418493378526534
    },
    "DYNOTEARS": {
        "coefficients": [
            -0.001499610693918742,
            0.0008735026173790504,
            -0.03296730629868054
        ],
        "intercept": -8.669500199948317
    },
    "PCMCI": {
        "coefficients": [
            0.002391802012300445,
            -0.0008592722746344879,
            1.9569460323572326e-05,
            -4.296361373172411e-07
        ],
        "intercept": 286.64433271256905
    },
    "GrangerCausality": {
        "coefficients": [
            -0.000692266878880026,
            -4.550839278724437e-06,
            5.6666219153984886e-05,
            -3.239631887553718e-07,
            -4.550839278207935e-06
        ],
        "intercept": 14.984482611281052
    }
}