Node,MeanAttributionScore,LowerCI,UpperCI
horsepower,0.7973279772447768,0.7973279772447768,0.7973279772447768
mpg,0.7973279772447768,0.7973279772447768,0.7973279772447768
weight,0.5113442313939905,0.5113442313939905,0.5113442313939905
displacement,-0.06689393473371713,-0.06689393473371713,-0.06689393473371713
