Node,MeanAttributionScore,LowerCI,UpperCI
displacement,0.4524175357880846,0.4524175357880846,0.4524175357880846
mpg,0.02209150751308178,0.02209150751308178,0.02209150751308178
horsepower,-0.07014706063219159,-0.07014706063219159,-0.07014706063219159
weight,-0.2268613146067384,-0.2268613146067384,-0.2268613146067384
